City_ID,City,Country,Lat,Lng,Max Temp,Humidity,Cloudiness,Wind Speed,Current Description
0,Talnakh,RU,69.4865,88.3972,-8.59,99,89,4.32,overcast clouds
1,Port Elizabeth,ZA,-33.918,25.5701,63.32,82,79,1.99,broken clouds
2,Cabo San Lucas,MX,22.8909,-109.9124,67.51,80,25,5.55,scattered clouds
3,Qaanaaq,GL,77.484,-69.3632,-0.36,64,95,6.87,overcast clouds
4,Nerchinskiy Zavod,RU,51.3088,119.61,-7.2,94,76,3.15,broken clouds
5,Bima,ID,-8.4667,118.7167,85.91,76,97,3.09,overcast clouds
6,Marawi,PH,7.9986,124.2928,71.78,89,100,3.91,moderate rain
7,Busselton,AU,-33.65,115.3333,83.01,34,75,0.98,broken clouds
8,Rikitea,PF,-23.1203,-134.9692,79.47,67,19,11.21,few clouds
9,Ushuaia,AR,-54.8,-68.3,46.22,85,51,7.34,broken clouds
10,Coihaique,CL,-45.5752,-72.0662,59.61,88,0,3.44,clear sky
11,Graaff-Reinet,ZA,-32.2522,24.5308,53.92,91,100,13.13,overcast clouds
12,Tuktoyaktuk,CA,69.4541,-133.0374,-0.4,85,100,12.66,light snow
13,Kununurra,AU,-15.7667,128.7333,93.18,49,100,8.05,overcast clouds
14,Margate,GB,51.3813,1.3862,39.87,79,100,1.99,overcast clouds
15,Agirish,RU,61.9247,63.0231,16.48,94,90,9.51,light snow
16,Avarua,CK,-21.2078,-159.775,82.45,78,40,9.22,scattered clouds
17,College,US,64.8569,-147.8028,17.55,85,75,5.75,light snow
18,Broome,US,42.2506,-75.833,33.8,74,100,3.44,overcast clouds
19,Punta Arenas,CL,-53.15,-70.9167,55.11,71,40,8.05,scattered clouds
20,Vardo,NO,70.3705,31.1107,26.98,80,13,14.74,few clouds
21,Rieti,IT,42.4072,12.8592,38.66,87,14,5.5,few clouds
22,Yellowknife,CA,62.456,-114.3525,-13.45,75,10,11.99,clear sky
23,Mizdah,LY,31.4451,12.9801,39.31,50,0,3.36,clear sky
24,Kapaa,US,22.0752,-159.319,73.72,71,0,18.41,clear sky
25,Tervel,BG,43.75,27.4,30.24,97,100,11.05,light snow
26,Ostersund,SE,63.1792,14.6357,32.61,80,75,6.91,broken clouds
27,Hermanus,ZA,-34.4187,19.2345,60.8,64,96,19.06,overcast clouds
28,Georgetown,MY,5.4112,100.3354,85.93,70,20,0.0,few clouds
29,Kinango,KE,-4.1372,39.3153,69.62,91,11,3.42,few clouds
30,Hithadhoo,MV,-0.6,73.0833,81.18,77,11,11.88,few clouds
31,New Norfolk,AU,-42.7826,147.0587,75.9,30,0,3.0,clear sky
32,Abaete,BR,-19.16,-45.4458,68.94,94,100,4.25,overcast clouds
33,Khatanga,RU,71.9667,102.5,-34.46,99,97,5.46,overcast clouds
34,Los Llanos De Aridane,ES,28.6585,-17.9182,55.15,79,75,8.05,broken clouds
35,Butaritari,KI,3.0707,172.7902,81.21,81,4,22.03,clear sky
36,Dikson,RU,73.5069,80.5464,-7.26,96,99,7.18,overcast clouds
37,Naze,JP,28.3667,129.4833,53.56,63,87,12.55,overcast clouds
38,Novikovo,RU,51.1537,37.8879,19.09,93,72,4.9,broken clouds
39,Faya,SA,18.3851,42.4509,43.32,83,1,0.87,clear sky
40,Puerto Ayora,EC,-0.7393,-90.3518,75.54,98,62,4.85,light rain
41,Pangnirtung,CA,66.1451,-65.7125,-35.93,83,16,7.0,few clouds
42,Codrington,AU,-38.2667,141.9667,66.67,60,84,11.99,broken clouds
43,Bredasdorp,ZA,-34.5322,20.0403,63.37,51,99,12.08,overcast clouds
44,Tucuman,AR,-26.8241,-65.2226,72.28,90,99,1.66,overcast clouds
45,Mazatlan,MX,23.2167,-106.4167,70.92,85,100,1.99,overcast clouds
46,Nam Dinh,VN,20.4167,106.1667,63.75,22,1,6.44,clear sky
47,Udachnyy,RU,66.4167,112.4,-38.07,100,73,2.75,broken clouds
48,Atuona,PF,-9.8,-139.0333,79.0,78,38,19.1,scattered clouds
49,Isangel,VU,-19.55,169.2667,84.51,70,86,2.19,overcast clouds
50,Hasaki,JP,35.7333,140.8333,45.0,33,41,4.05,scattered clouds
51,Srednekolymsk,RU,67.45,153.6833,-29.85,99,37,4.47,scattered clouds
52,Hobart,AU,-42.8794,147.3294,76.26,49,20,13.8,few clouds
53,Grand-Bourg,GP,15.8835,-61.3148,71.55,69,22,11.5,few clouds
54,Wajima,JP,37.4,136.9,36.1,72,100,10.45,overcast clouds
55,Albany,US,42.6001,-73.9662,30.22,81,95,1.88,overcast clouds
56,Ndele,CF,8.4109,20.6473,70.57,20,30,4.07,scattered clouds
57,Saldanha,ZA,-33.0117,17.9442,59.92,74,8,14.16,clear sky
58,Tezu,IN,27.9167,96.1667,78.06,22,1,3.33,clear sky
59,Cherskiy,RU,68.75,161.3,-25.06,99,86,3.18,overcast clouds
60,Sao Sebastiao,BR,-23.76,-45.4097,75.43,91,100,3.29,overcast clouds
61,Constitucion,CL,-35.3333,-72.4167,60.75,68,0,10.07,clear sky
62,Kamalapuram,IN,14.5833,78.65,74.88,63,55,5.64,broken clouds
63,Carnarvon,AU,-24.8667,113.6333,79.25,68,7,15.86,clear sky
64,Kruisfontein,ZA,-34.0033,24.7314,58.89,81,31,3.89,light rain
65,Kiruna,SE,67.8557,20.2251,7.57,93,62,6.42,broken clouds
66,Mataura,NZ,-46.1927,168.8643,80.67,28,1,6.69,clear sky
67,Terrace,CA,54.5163,-128.6035,20.41,82,4,4.12,clear sky
68,Ginda,IN,30.6945,78.4932,55.85,17,100,1.86,overcast clouds
69,Camacha,PT,33.0833,-16.3333,53.02,71,40,11.5,light intensity shower rain
70,Sangar,RU,63.9242,127.4739,-40.59,94,68,2.21,broken clouds
71,Safaga,EG,26.7292,33.9365,69.89,58,7,5.26,clear sky
72,Kalofer,BG,42.6167,24.9833,29.03,87,100,1.41,overcast clouds
73,Fenoarivo,MG,-18.933,47.4354,64.47,100,75,4.61,broken clouds
74,Jamestown,US,42.097,-79.2353,31.64,84,100,6.91,overcast clouds
75,Souillac,MU,-20.5167,57.5167,80.31,80,96,4.45,overcast clouds
76,Bethel,US,41.3712,-73.414,44.96,60,0,0.0,clear sky
77,Drymen,GB,56.0655,-4.452,43.92,90,100,8.59,overcast clouds
78,Vila,PT,42.0304,-8.1588,29.28,87,13,4.68,few clouds
79,East London,ZA,-33.0153,27.9116,65.71,74,100,14.9,light rain
80,Fortuna,US,40.5982,-124.1573,45.66,89,100,10.2,overcast clouds
81,Montreal,CA,45.5088,-73.5878,10.35,95,99,1.48,overcast clouds
82,Saint Anthony,US,45.0205,-93.218,4.66,67,40,10.36,scattered clouds
83,Saskylakh,RU,71.9167,114.0833,-34.11,100,99,2.8,overcast clouds
84,Alugan,PH,12.2188,125.4808,78.12,89,100,15.99,overcast clouds
85,Bud,US,39.447,-86.1758,48.31,73,99,14.45,light rain
86,Sananduva,BR,-27.9497,-51.8067,70.77,71,97,7.09,overcast clouds
87,Airai,TL,-8.9266,125.4092,70.79,76,78,2.08,broken clouds
88,The Valley,AI,18.217,-63.0578,76.1,69,4,18.97,clear sky
89,Maniitsoq,GL,65.4167,-52.9,10.0,87,100,17.31,light snow
90,Grand Gaube,MU,-20.0064,57.6608,80.38,85,64,6.15,broken clouds
91,Loreto,MX,22.2667,-101.9667,54.88,63,100,8.14,overcast clouds
92,Klaksvik,FO,62.2266,-6.589,49.12,90,100,32.5,light rain
93,Barrow,US,71.2906,-156.7887,-3.98,77,100,5.75,overcast clouds
94,Cape Town,ZA,-33.9258,18.4232,66.38,60,0,8.99,clear sky
95,Namibe,AO,-15.1961,12.1522,75.27,80,100,3.53,overcast clouds
96,Victoria,HK,22.2855,114.1577,61.25,31,4,11.99,clear sky
97,Goderich,CA,43.7501,-81.7165,26.91,95,100,5.08,snow
98,Provideniya,RU,64.3833,-173.3,26.87,95,100,4.03,overcast clouds
99,Kemijarvi,FI,66.7131,27.4306,18.73,92,92,8.14,overcast clouds
100,Thompson,CA,55.7435,-97.8558,-14.04,89,100,8.3,overcast clouds
101,Workington,GB,54.6425,-3.5441,42.01,94,100,5.01,overcast clouds
102,Salalah,OM,17.0151,54.0924,62.69,48,0,24.16,clear sky
103,Itapirapua,BR,-15.8233,-50.6133,69.75,94,67,2.82,broken clouds
104,Port Lincoln,AU,-34.7333,135.8667,66.42,71,99,13.85,overcast clouds
105,Dundee,GB,56.5,-2.9667,42.24,81,0,16.11,clear sky
106,Lasa,IT,46.6166,10.7002,22.37,75,15,3.89,few clouds
107,Muli,MV,2.9167,73.5667,80.47,74,44,11.01,scattered clouds
108,Mar Del Plata,AR,-38.0023,-57.5575,70.09,89,0,11.99,clear sky
109,Castro,BR,-24.7911,-50.0119,62.87,68,26,1.66,scattered clouds
110,Siuna,NI,13.7332,-84.7773,66.49,96,91,3.62,overcast clouds
111,Vaini,TO,-21.2,-175.2,82.56,89,75,1.14,light rain
112,Havre-Saint-Pierre,CA,50.2334,-63.5986,25.16,68,40,31.07,light snow
113,Severo-Kurilsk,RU,50.6789,156.125,25.11,77,100,19.82,overcast clouds
114,La Serena,CL,-29.9078,-71.2542,60.31,100,20,3.44,few clouds
115,Kandiaro,PK,27.0601,68.2091,61.75,43,94,7.0,overcast clouds
116,Linguere,SN,15.3953,-15.1193,63.39,11,32,9.71,scattered clouds
117,Bubaque,GW,11.2833,-15.8333,76.39,67,53,6.06,broken clouds
118,Mount Gambier,AU,-37.8333,140.7667,70.66,51,65,8.88,broken clouds
119,Port Alfred,ZA,-33.5906,26.891,66.18,74,96,1.99,light rain
120,Ancud,CL,-41.8697,-73.8203,56.93,94,4,4.03,clear sky
121,West Wendover,US,40.7391,-114.0733,33.01,80,0,0.0,clear sky
122,Quelimane,MZ,-17.8786,36.8883,74.77,87,88,4.65,overcast clouds
123,Khandyga,RU,62.6667,135.6,-35.23,94,57,0.81,broken clouds
124,Praia Da Vitoria,PT,38.7333,-27.0667,53.76,89,61,16.02,broken clouds
125,Half Moon Bay,US,37.4636,-122.4286,51.87,80,100,14.97,haze
126,Esperance,AU,-33.8667,121.9,71.53,49,1,9.8,clear sky
127,Galle,LK,6.0367,80.217,77.5,76,88,2.35,overcast clouds
128,Bluff,NZ,-46.6,168.3333,65.25,52,0,2.55,clear sky
129,Hilo,US,19.7297,-155.09,73.13,84,0,3.0,light rain
130,Kaitangata,NZ,-46.2817,169.8464,66.51,60,1,6.17,clear sky
131,Dzaoudzi,YT,-12.7887,45.2699,80.49,89,0,4.61,clear sky
132,Pimenta Bueno,BR,-11.6725,-61.1936,71.8,99,100,3.38,overcast clouds
133,Trairi,BR,-3.2778,-39.2689,78.67,78,89,10.09,overcast clouds
134,Santa Maria,BR,-29.6842,-53.8069,74.61,74,91,5.93,overcast clouds
135,Ilulissat,GL,69.2167,-51.1,12.22,73,100,16.11,overcast clouds
136,Egvekinot,RU,66.3167,-179.1667,15.15,97,100,2.82,overcast clouds
137,Agadez,NE,19.75,10.25,59.79,11,9,10.56,clear sky
138,Marsh Harbour,BS,26.5412,-77.0636,72.37,69,83,18.63,broken clouds
139,Nuevo Progreso,MX,23.1667,-97.95,71.47,64,79,4.94,broken clouds
140,Lilongwe,MW,-13.9669,33.7873,65.08,98,100,3.58,light rain
141,Menongue,AO,-14.6585,17.691,61.83,96,100,4.79,overcast clouds
142,Chester-Le-Street,GB,54.8586,-1.5741,40.69,85,100,1.99,overcast clouds
143,Yambio,SS,4.5721,28.3955,73.15,29,25,2.64,scattered clouds
144,Vila Velha,BR,-20.3297,-40.2925,77.95,92,40,5.01,scattered clouds
145,Kloulklubed,PW,7.0419,134.2556,80.28,81,100,19.51,light rain
146,Pitimbu,BR,-7.4706,-34.8086,75.79,66,74,10.78,broken clouds
147,Nikolskoye,RU,59.7035,30.7861,29.91,87,100,10.85,overcast clouds
148,Badou,TG,7.5833,0.6,72.18,84,71,2.35,broken clouds
149,Westport,US,41.1415,-73.3579,46.85,68,0,4.0,clear sky
150,Te Anau,NZ,-45.4167,167.7167,81.95,24,0,5.26,clear sky
151,Tiarei,PF,-17.5333,-149.3333,86.02,74,6,12.46,clear sky
152,Antalaha,MG,-14.9003,50.2788,78.42,81,12,3.09,few clouds
153,Harlow,GB,51.7766,0.1116,40.71,92,100,4.61,mist
154,Pevek,RU,69.7008,170.3133,8.13,86,11,12.97,few clouds
155,Krasnoselkup,RU,65.7,82.4667,3.0,97,100,5.14,overcast clouds
156,Ribeira Grande,PT,38.5167,-28.7,56.77,81,58,11.01,broken clouds
157,Namatanai,PG,-3.6667,152.4333,85.77,65,63,5.26,broken clouds
158,Otjimbingwe,NA,-22.35,16.1333,74.88,52,97,2.17,overcast clouds
159,Leningradskiy,RU,69.3833,178.4167,0.84,90,20,4.5,few clouds
160,Chokurdakh,RU,70.6333,147.9167,-20.52,97,100,1.52,overcast clouds
161,Kavieng,PG,-2.5744,150.7967,84.56,70,31,6.64,light rain
162,Torbay,CA,47.6666,-52.7314,28.58,81,87,1.01,overcast clouds
163,Perevolotskiy,RU,51.8763,54.1938,-5.8,100,88,2.17,overcast clouds
164,Ponta Do Sol,PT,32.6667,-17.1,58.01,78,48,6.67,light rain
165,Lavrentiya,RU,65.5833,-171.0,20.16,97,98,3.36,overcast clouds
166,Saint-Philippe,RE,-21.3585,55.7679,82.11,84,99,2.82,overcast clouds
167,Tignere,CM,7.3667,12.65,67.5,26,99,1.45,overcast clouds
168,Atikokan,CA,48.7555,-91.6216,-21.55,100,53,3.98,broken clouds
169,Buzmeyin,TM,38.0507,58.2056,37.17,58,100,3.18,overcast clouds
170,Mahebourg,MU,-20.4081,57.7,80.26,79,90,3.22,overcast clouds
171,Kahului,US,20.8947,-156.47,69.84,92,75,10.36,moderate rain
172,Vila Franca Do Campo,PT,37.7167,-25.4333,54.01,80,60,10.18,light rain
173,Poum,NC,-20.2333,164.0167,78.48,81,100,6.53,overcast clouds
174,Faanui,PF,-16.4833,-151.75,81.79,71,9,11.52,clear sky
175,Yuksekova,TR,37.5736,44.2872,26.35,100,75,9.22,light snow
176,Zabid,YE,14.1951,43.3152,72.63,80,0,1.77,clear sky
177,Longyearbyen,SJ,78.2186,15.6401,24.64,74,75,5.75,broken clouds
178,Katsuura,JP,35.1333,140.3,44.1,45,63,5.66,broken clouds
179,Acapulco,MX,16.8634,-99.8901,76.82,83,20,0.0,smoke
180,Tuatapere,NZ,-46.1333,167.6833,69.71,40,2,7.83,clear sky
181,Tanout,NE,14.9709,8.8879,67.77,17,100,10.02,overcast clouds
182,Dwarka,IN,22.2394,68.9678,67.82,37,0,11.81,clear sky
183,Sao Filipe,CV,14.8961,-24.4956,72.66,70,49,9.86,scattered clouds
184,Cairns,AU,-16.9167,145.7667,87.75,70,75,13.8,broken clouds
185,Arraial Do Cabo,BR,-22.9661,-42.0278,76.5,92,100,19.37,overcast clouds
186,Lac-Megantic,CA,45.5834,-70.8823,22.55,92,89,7.54,overcast clouds
187,Lerwick,GB,60.1545,-1.1494,46.4,91,100,35.75,light rain
188,Nuuk,GL,64.1835,-51.7216,13.17,69,99,15.05,overcast clouds
189,Fonte Boa,BR,-2.4959,-66.2662,72.99,97,99,3.0,overcast clouds
190,Matara,LK,5.9485,80.5353,80.64,67,89,1.57,overcast clouds
191,Hamilton,US,39.1834,-84.5333,50.81,47,75,9.22,broken clouds
192,Bathurst,AU,-33.4166,149.5806,82.83,55,100,9.26,overcast clouds
193,Gizo,SB,-8.103,156.8419,84.09,71,60,4.99,light rain
194,Tete,MZ,-16.1564,33.5867,75.29,100,40,0.0,scattered clouds
195,Russell,US,32.3502,-85.1999,51.03,75,0,0.0,clear sky
196,Alofi,NU,-19.0595,-169.9187,84.09,74,99,6.91,light rain
197,Yerbogachen,RU,61.2767,108.0108,-10.25,97,96,2.89,overcast clouds
198,Labuhan,ID,-6.8844,112.2051,82.56,73,99,5.46,overcast clouds
199,Pangody,RU,65.85,74.4859,-11.25,100,91,8.48,overcast clouds
200,Nanortalik,GL,60.1432,-45.2371,15.84,78,58,16.04,broken clouds
201,Obihiro,JP,42.9172,143.2044,24.21,56,0,13.38,clear sky
202,Tiksi,RU,71.6872,128.8694,-27.29,94,100,6.87,overcast clouds
203,Envira,BR,-7.3,-70.2167,71.28,99,84,2.44,broken clouds
204,Denpasar,ID,-8.65,115.2167,87.46,74,20,5.75,few clouds
205,Cooma,AU,-36.2333,149.1333,63.84,90,100,1.07,light rain
206,Bambous Virieux,MU,-20.3428,57.7575,80.22,78,82,3.6,broken clouds
207,Tura,IN,25.5198,90.2201,76.12,37,0,0.83,clear sky
208,Miguel Hidalgo,MX,19.4225,-99.2028,63.81,36,0,3.44,clear sky
209,Nhulunbuy,AU,-12.2333,136.7667,86.61,70,40,10.36,scattered clouds
210,Bereda,ES,43.2686,-7.5406,34.14,100,19,8.1,few clouds
211,Sitka,US,57.0531,-135.33,33.69,69,20,0.0,few clouds
212,Mackenzie,CA,55.2999,-123.1698,-13.32,97,6,2.06,clear sky
213,Sortland,NO,68.6949,15.4162,33.76,96,100,4.94,snow
214,Bengkulu,ID,-3.8004,102.2655,83.98,65,100,10.0,overcast clouds
215,Tsaratanana,MG,-16.7833,47.65,73.62,91,32,1.63,scattered clouds
216,Port Macquarie,AU,-31.4333,152.9167,83.89,67,86,16.17,overcast clouds
217,Lebu,CL,-37.6167,-73.65,60.19,93,2,17.78,clear sky
218,Harbour Breton,CA,47.4833,-55.7983,31.57,74,96,11.79,overcast clouds
219,Mumford,GH,5.2618,-0.759,78.67,89,99,8.46,overcast clouds
220,Rocha,UY,-34.4833,-54.3333,68.58,97,11,5.12,few clouds
221,Semnan,IR,35.5729,53.3971,32.77,52,53,2.39,broken clouds
222,Gryfice,PL,53.9165,15.2003,32.25,91,100,11.61,overcast clouds
223,Kodiak,US,57.79,-152.4072,33.31,100,100,0.0,mist
224,Japura,ID,-0.3167,102.35,76.84,91,100,4.9,overcast clouds
225,Uchiza,PE,-8.4592,-76.4633,69.78,94,95,2.21,overcast clouds
226,Cessnock,AU,-32.8333,151.35,90.43,55,69,9.57,moderate rain
227,Waverly,US,42.7392,-84.6208,27.14,92,100,6.91,mist
228,Xinxiang,CN,35.3089,113.8672,52.2,10,0,1.99,clear sky
229,Vanimo,PG,-2.6741,141.3028,84.7,69,87,7.36,overcast clouds
230,Morayfield,AU,-27.1167,152.95,92.35,51,60,9.24,broken clouds
231,Coos Bay,US,43.3665,-124.2179,44.58,96,100,0.0,overcast clouds
232,Benguela,AO,-12.5763,13.4055,79.66,76,100,3.24,overcast clouds
233,Emerald,AU,-23.5333,148.1667,89.35,49,0,11.52,clear sky
234,Tocopilla,CL,-22.092,-70.1979,70.34,85,99,1.21,overcast clouds
235,Lithgow,AU,-33.4833,150.15,73.96,52,100,4.99,overcast clouds
236,Concarneau,FR,47.875,-3.9225,39.99,81,11,5.19,few clouds
237,Petropavlovsk-Kamchatskiy,RU,53.0452,158.6483,27.19,54,75,20.13,broken clouds
238,Karlskoga,SE,59.3267,14.5239,34.92,97,100,5.82,overcast clouds
239,Starosubkhangulovo,RU,53.1031,57.4423,-6.65,100,100,0.96,overcast clouds
240,Yulara,AU,-25.2406,130.9889,88.93,42,79,7.72,broken clouds
241,San Cristobal,VE,7.7669,-72.225,64.58,85,3,1.57,clear sky
242,Tual,ID,-5.6667,132.75,82.09,75,100,7.9,overcast clouds
243,Lakes Entrance,AU,-37.8811,147.981,72.16,82,100,2.93,light rain
244,Aranos,NA,-24.1333,19.1167,73.71,33,47,13.58,scattered clouds
245,Dakar,SN,14.6937,-17.4441,63.48,59,11,19.15,few clouds
246,Nouadhibou,MR,20.931,-17.0347,58.98,77,6,14.97,clear sky
247,Iquitos,PE,-3.7481,-73.2472,77.04,88,75,3.44,broken clouds
248,Lindi,TZ,-10.0,39.7167,72.99,94,59,3.6,broken clouds
249,Hofn,IS,64.2539,-15.2082,35.92,65,31,6.6,scattered clouds
250,Tasiilaq,GL,65.6145,-37.6368,24.96,95,100,3.04,light snow
251,Olafsvik,IS,64.8945,-23.7142,36.07,86,100,18.99,overcast clouds
252,Sorong,ID,-0.8833,131.25,82.09,73,100,3.78,overcast clouds
253,Aklavik,CA,68.2191,-135.0107,-4.81,98,81,1.28,broken clouds
254,Bilibino,RU,68.0546,166.4372,-10.39,99,53,4.27,broken clouds
255,Kysyl-Syr,RU,63.8986,122.7617,-42.52,97,79,1.45,broken clouds
256,Lagoa,PT,39.05,-27.9833,57.42,70,57,17.74,broken clouds
257,Varhaug,NO,58.6147,5.6457,42.89,90,100,18.97,overcast clouds
258,Romny,UA,50.751,33.4747,22.96,74,63,6.24,broken clouds
259,Corpus Christi,US,27.8006,-97.3964,68.99,96,40,13.8,scattered clouds
260,Brownwood,US,31.7093,-98.9912,57.2,81,0,4.61,clear sky
261,Kaffrine,SN,14.1059,-15.5508,65.3,11,50,9.06,scattered clouds
262,Sioux Lookout,CA,50.1001,-91.917,-12.93,77,0,8.05,clear sky
263,Baryshivka,UA,50.361,31.3217,24.01,88,13,7.56,few clouds
264,Nome,US,64.5011,-165.4064,24.87,86,100,11.5,overcast clouds
265,Santa Rosa,PH,14.3122,121.1114,83.1,67,68,17.07,broken clouds
266,Luderitz,NA,-26.6481,15.1594,61.43,81,0,20.15,clear sky
267,Havoysund,NO,70.9963,24.6622,34.03,93,99,34.83,light snow
268,Katherine,AU,-14.4667,132.2667,86.32,74,75,4.61,broken clouds
269,Bajil,YE,15.0584,43.2851,72.88,88,16,1.95,few clouds
270,Miraflores,MX,19.2167,-98.8083,63.25,49,11,3.27,few clouds
271,Husavik,IS,66.0449,-17.3389,31.5,87,57,8.5,broken clouds
272,Hambantota,LK,6.1241,81.1185,79.11,60,90,5.1,overcast clouds
273,Alvaraes,BR,-3.2208,-64.8042,72.91,99,100,2.59,overcast clouds
274,Horodkivka,UA,49.9068,28.9847,25.81,89,89,8.99,overcast clouds
275,Hualmay,PE,-11.0964,-77.6139,71.64,82,100,6.93,overcast clouds
276,Iracoubo,GF,5.4802,-53.2011,74.62,89,90,5.68,overcast clouds
277,Seoul,KR,37.5683,126.9778,35.04,64,46,7.76,scattered clouds
278,Chingirlau,KZ,51.095,54.0814,-0.74,100,83,5.32,broken clouds
279,Borogontsy,RU,62.6683,131.1683,-37.17,94,67,1.45,broken clouds
280,Diego De Almagro,CL,-26.3667,-70.05,65.62,53,53,2.98,broken clouds
281,Sulangan,PH,11.1373,123.7228,78.57,84,98,15.35,overcast clouds
282,Terme,TR,41.2092,36.9739,44.53,88,100,17.31,light rain
283,Mareeba,AU,-17.0,145.4333,90.45,65,56,8.77,light rain
284,Atar,MR,20.5169,-13.0499,55.0,49,97,7.02,overcast clouds
285,Abadiania,BR,-16.2042,-48.7069,68.92,94,64,2.26,broken clouds
286,Oro Valley,US,32.3909,-110.9665,55.11,32,0,4.0,clear sky
287,Longjiang,CN,47.3303,123.1836,4.14,80,71,2.39,broken clouds
288,Nassau,US,40.7507,-73.5829,47.86,74,0,4.61,clear sky
289,Xiamen,CN,24.4798,118.0819,57.25,35,0,6.71,clear sky
290,Coquimbo,CL,-29.9533,-71.3436,60.53,100,20,3.44,few clouds
291,Arinos,BR,-15.9169,-46.1056,71.29,85,91,0.72,overcast clouds
292,Mao,ES,39.8885,4.2658,46.96,71,75,20.71,broken clouds
293,Grindavik,IS,63.8424,-22.4338,36.07,80,75,19.57,broken clouds
294,Pacific Grove,US,36.6177,-121.9166,51.48,80,100,8.05,overcast clouds
295,Upernavik,GL,72.7868,-56.1549,3.22,87,100,28.88,overcast clouds
296,Kilimatinde,TZ,-5.85,34.95,61.68,76,50,2.28,scattered clouds
297,Bilma,NE,18.6853,12.9164,69.08,15,100,9.28,overcast clouds
298,Itaqui,BR,-29.1253,-56.5531,81.12,51,81,7.38,broken clouds
299,Acarau,BR,-2.8856,-40.12,77.36,86,8,10.78,clear sky
300,Lambarene,GA,-0.7001,10.2406,74.01,94,55,1.23,broken clouds
301,Riyadh,SA,24.6877,46.7219,46.54,47,0,4.68,clear sky
302,Port Hardy,CA,50.6996,-127.4199,37.33,52,0,12.39,clear sky
303,Illapel,CL,-31.6308,-71.1653,70.54,57,0,1.36,clear sky
304,Cap Malheureux,MU,-19.9842,57.6142,81.46,83,63,5.79,broken clouds
305,Nantucket,US,41.2835,-70.0995,41.14,88,0,9.22,clear sky
306,La Rioja,ES,42.25,-2.5,28.18,97,100,5.93,light snow
307,Telma,RU,52.6983,103.7097,15.31,85,93,3.51,overcast clouds
308,Lisakovsk,KZ,52.5369,62.4936,-7.37,100,59,3.58,broken clouds
309,Jiexiu,CN,37.0244,111.9125,36.09,18,0,8.88,clear sky
310,Willowmore,ZA,-33.2926,23.4895,54.93,72,97,10.11,overcast clouds
311,Qaqortoq,GL,60.7167,-46.0333,0.61,81,6,6.76,clear sky
312,Filingue,NE,14.3521,3.3168,67.08,7,98,10.63,overcast clouds
313,Dawei,MM,14.0833,98.2,83.8,30,4,14.74,clear sky
314,Norman Wells,CA,65.282,-126.8329,-11.16,77,75,2.3,broken clouds
315,Bathsheba,BB,13.2167,-59.5167,72.21,68,20,6.91,few clouds
316,Markova,UA,48.6758,24.4138,24.35,84,96,5.39,overcast clouds
317,Gat,IL,31.61,34.7642,58.41,100,50,6.71,scattered clouds
318,Zhigansk,RU,66.7697,123.3711,-40.02,94,98,10.98,overcast clouds
319,Port Hedland,AU,-20.3167,118.5667,93.25,59,93,12.66,overcast clouds
320,Ornskoldsvik,SE,63.2909,18.7153,32.95,80,100,12.66,overcast clouds
321,Rawson,AR,-43.3002,-65.1023,72.97,36,2,17.38,clear sky
322,La Ronge,CA,55.1001,-105.2842,-9.15,59,40,12.66,scattered clouds
323,Cayenne,GF,4.9333,-52.3333,73.44,100,75,2.3,mist
324,Sechura,PE,-5.5569,-80.8222,73.38,71,90,10.18,overcast clouds
325,Borova,UA,50.1763,30.1043,25.25,89,15,6.82,few clouds
326,Sabha,LY,27.0377,14.4283,44.8,41,0,9.75,clear sky
327,Vostok,RU,46.4856,135.8833,-4.02,78,7,3.27,clear sky
328,Iqaluit,CA,63.7506,-68.5145,-34.87,67,0,4.61,clear sky
329,Cidreira,BR,-30.1811,-50.2056,75.56,88,83,5.3,broken clouds
330,Veraval,IN,20.9,70.3667,70.34,58,0,7.18,clear sky
331,Souris,CA,49.6172,-100.2612,-11.25,95,10,9.33,clear sky
332,Lukovetskiy,RU,64.2956,41.9211,21.49,92,100,10.87,light snow
333,Clyde River,CA,70.4692,-68.5914,-7.37,77,100,8.05,light snow
334,Razole,IN,16.4833,81.8333,81.25,59,23,6.8,few clouds
335,Caravelas,BR,-17.7125,-39.2481,74.71,91,20,4.16,few clouds
336,Verkhnechusovskiye Gorodki,RU,58.1671,57.1086,-6.39,100,100,3.53,overcast clouds
337,Saint-Paul,RE,-21.0096,55.2707,84.31,80,100,4.99,overcast clouds
338,Whitehorse,CA,60.7161,-135.0538,14.77,73,100,9.22,overcast clouds
339,Harare,ZW,-17.8294,31.0539,60.57,94,78,1.95,broken clouds
340,Dhidhdhoo,MV,6.8833,73.1,80.26,73,13,10.25,few clouds
341,Havelock,US,34.8791,-76.9013,51.75,66,99,3.65,overcast clouds
342,Lompoc,US,34.6391,-120.4579,53.53,82,100,17.0,overcast clouds
343,Leh,IN,34.1667,77.5833,17.91,76,100,3.62,overcast clouds
344,Zaton,RU,53.2936,83.8072,11.79,61,0,11.18,clear sky
345,Burnie,AU,-41.0667,145.9167,78.94,30,0,17.34,clear sky
346,Aden,YE,12.7794,45.0367,76.44,78,37,18.54,light rain
347,Manuk Mangkaw,PH,4.8,119.85,80.85,78,100,4.9,overcast clouds
348,Penzance,GB,50.1186,-5.5371,43.48,83,80,9.13,broken clouds
349,Porto Santo,PT,33.072,-16.3415,55.78,67,40,10.36,scattered clouds
350,Rio Grande,BR,-32.035,-52.0986,72.03,90,32,0.98,scattered clouds
351,Izumo,JP,35.3667,132.7667,37.29,75,75,8.05,broken clouds
352,Uddevalla,SE,58.3478,11.9424,41.07,93,93,12.86,overcast clouds
353,Centralia,US,46.7162,-122.9543,40.95,87,100,8.05,overcast clouds
354,Miles City,US,46.4083,-105.8406,2.37,71,75,3.44,broken clouds
355,Teresita,PH,6.4136,124.7072,84.78,69,100,4.61,overcast clouds
356,Corning,US,42.1428,-77.0547,34.21,85,0,3.44,clear sky
357,Slavuta,UA,50.3016,26.8651,26.91,90,94,7.43,overcast clouds
358,Sao Felix Do Xingu,BR,-6.6447,-51.995,71.11,98,100,0.76,overcast clouds
359,Zhuhai,CN,22.2769,113.5678,58.86,38,0,16.11,clear sky
360,Locri,IT,38.2414,16.2623,47.32,80,72,8.93,broken clouds
361,Bairiki,KI,1.3292,172.9752,84.2,79,40,10.36,light rain
362,Baghdad,IQ,33.3406,44.4009,51.71,66,98,11.5,overcast clouds
363,Quatre Cocos,MU,-20.2078,57.7625,81.09,79,71,4.85,broken clouds
364,Ust-Tsilma,RU,65.441,52.1498,18.84,90,100,9.37,overcast clouds
365,Finschhafen,PG,-6.6024,147.8681,86.32,65,92,6.44,overcast clouds
366,Sao Gabriel Da Cachoeira,BR,-0.1303,-67.0892,71.94,98,98,0.58,overcast clouds
367,Camacari,BR,-12.6975,-38.3242,80.37,89,8,3.44,clear sky
368,Chuy,UY,-33.6971,-53.4616,69.71,93,0,5.3,clear sky
369,Norrtalje,SE,59.758,18.705,33.03,77,100,7.94,overcast clouds
370,Chicama,PE,-7.8447,-79.1469,66.74,74,100,4.14,overcast clouds
371,Paamiut,GL,61.994,-49.6678,7.63,78,98,16.58,overcast clouds
372,Kawalu,ID,-7.3817,108.2082,76.05,89,100,2.37,overcast clouds
373,Pisco,PE,-13.7,-76.2167,73.45,78,0,8.05,clear sky
374,Capitan Bado,PY,-23.2667,-55.5333,71.53,78,61,7.67,broken clouds
375,Rio Gallegos,AR,-51.6226,-69.2181,55.45,50,0,3.44,clear sky
376,Omsukchan,RU,62.5333,155.8,-16.11,99,63,5.82,broken clouds
377,Adrar,MR,20.5022,-10.0711,50.76,51,98,6.53,overcast clouds
378,Samarai,PG,-10.6167,150.6667,84.6,71,81,9.4,broken clouds
379,Ambon,ID,-3.6954,128.1814,91.54,66,20,9.22,few clouds
380,Sola,VU,-13.8833,167.55,82.58,75,31,9.08,scattered clouds
381,Ostrovnoy,RU,68.0531,39.5131,26.91,88,52,21.3,broken clouds
382,Karratha,AU,-20.7377,116.8463,94.5,33,4,7.56,clear sky
383,Mikhaylovka,RU,50.06,43.2379,23.79,95,98,6.42,overcast clouds
384,Snasa,NO,64.2457,12.3778,31.41,99,100,5.68,light snow
385,Nanpiao,CN,41.0982,120.7479,34.11,27,2,19.3,clear sky
386,Saint-Joseph,RE,-21.3667,55.6167,82.78,81,99,4.88,overcast clouds
387,Sale,MA,34.0389,-6.8166,44.64,87,40,9.22,scattered clouds
388,Takhtamygda,RU,54.1,123.5667,-5.44,89,80,1.45,broken clouds
389,Kampot,KH,10.6167,104.1833,80.65,53,98,15.82,overcast clouds
390,Sarangani,PH,5.4033,125.4636,79.54,78,100,2.93,overcast clouds
391,Vao,NC,-22.6667,167.4833,75.87,79,100,6.42,light rain
392,Vidim,RU,56.4088,103.1106,19.58,94,100,6.55,light snow
393,Guerrero Negro,MX,27.9769,-114.0611,57.92,67,8,8.75,clear sky
394,Ahipara,NZ,-35.1667,173.1667,74.7,74,77,10.16,broken clouds
395,Pavino,RU,59.1139,46.1414,0.09,100,99,7.27,overcast clouds
396,Port-Gentil,GA,-0.7193,8.7815,80.46,74,41,5.12,scattered clouds
397,Nombre De Dios,MX,23.85,-104.2333,55.62,45,97,6.89,overcast clouds
398,Sinnamary,GF,5.3833,-52.95,74.61,89,87,5.44,overcast clouds
399,Geraldton,AU,-28.7667,114.6,93.61,31,100,13.8,overcast clouds
400,Sao Jose Do Belmonte,BR,-7.8614,-38.7597,70.83,60,9,8.63,clear sky
401,Brigantine,US,39.4101,-74.3646,44.02,95,42,3.0,scattered clouds
402,Padang,ID,-0.9492,100.3543,84.25,68,100,4.99,overcast clouds
403,Esmeraldas,BR,-19.7625,-44.3139,70.66,95,100,2.04,overcast clouds
404,Alamogordo,US,32.8995,-105.9603,48.36,28,0,9.22,clear sky
405,Lorengau,PG,-2.0226,147.2712,84.58,69,59,6.96,broken clouds
406,Formosa,AR,-26.1775,-58.1781,81.54,45,72,5.64,broken clouds
407,Byron Bay,AU,-28.65,153.6167,89.71,68,58,11.68,broken clouds
408,Nueva Helvecia,UY,-34.3,-57.2333,68.59,95,0,7.81,clear sky
409,Sompeta,IN,18.9333,84.6,78.49,61,35,7.11,scattered clouds
410,Shetpe,KZ,44.1667,52.1167,26.24,55,0,7.61,clear sky
411,Riverton,US,40.5219,-111.9391,35.11,73,40,11.5,scattered clouds
412,Slave Lake,CA,55.2834,-114.769,1.38,66,0,25.32,clear sky
413,Shinpokh,PK,34.3292,71.1782,54.81,56,100,5.14,overcast clouds
414,Saint-Pierre,RE,-21.3393,55.4781,83.88,65,0,5.75,clear sky
415,Cahors,FR,44.4167,1.3333,28.24,93,8,3.83,clear sky
416,Chara,RU,56.9064,118.2631,0.46,81,99,2.13,overcast clouds
417,Batagay-Alyta,RU,67.8006,130.4114,-36.65,97,99,1.07,overcast clouds
418,Yeppoon,AU,-23.1333,150.7333,89.38,63,20,11.34,few clouds
419,Tugdan,PH,12.3134,122.0853,78.64,79,74,24.05,broken clouds
420,Karimganj,IN,24.8667,92.35,75.51,40,5,4.09,clear sky
421,Mezen,RU,65.8522,44.24,22.35,91,100,13.38,overcast clouds
422,Takayama,JP,36.1333,137.25,33.58,64,94,0.36,overcast clouds
423,Arlit,NE,18.7369,7.3853,57.85,8,76,7.85,broken clouds
424,Torres,BR,-29.3353,-49.7269,74.82,90,95,4.27,overcast clouds
425,Camabatela,AO,-8.1881,15.375,61.2,99,100,1.97,overcast clouds
426,Bacolod,PH,10.6667,122.95,81.59,76,100,16.69,overcast clouds
427,Buin,CL,-33.7333,-70.75,77.11,37,0,0.65,clear sky
428,Calama,CL,-22.4667,-68.9333,55.89,54,0,3.44,clear sky
429,Sorland,NO,67.667,12.6934,37.26,69,100,18.52,overcast clouds
430,Sambava,MG,-14.2667,50.1667,77.31,87,11,4.14,few clouds
431,Oussouye,SN,12.485,-16.5469,71.47,24,74,6.71,broken clouds
432,Birin,NP,26.8865,88.0718,61.38,45,0,4.79,clear sky
433,Luganville,VU,-15.5333,167.1667,86.47,68,34,8.39,scattered clouds
434,Manthani,IN,18.65,79.6667,78.03,48,2,9.8,clear sky
435,Korla,CN,41.7597,86.1469,17.15,63,76,1.23,broken clouds
436,Covington,US,39.0837,-84.5086,51.48,47,75,9.22,broken clouds
437,Dalbeattie,GB,54.9328,-3.8227,42.04,88,99,7.29,overcast clouds
438,Marzuq,YE,14.4,46.4667,56.25,76,4,2.77,clear sky
439,Taldan,RU,53.6667,124.8,-5.04,86,97,2.13,overcast clouds
440,Freeport,US,40.6576,-73.5832,48.16,75,0,4.61,clear sky
441,Verkhovazhye,RU,60.7472,42.0465,12.56,92,100,10.67,overcast clouds
442,Richards Bay,ZA,-28.783,32.0377,73.24,88,100,15.73,light rain
443,Sesheke,ZM,-17.4759,24.2968,65.14,95,100,4.72,overcast clouds
444,Bara,NG,10.3744,10.7288,70.59,44,71,2.68,broken clouds
445,Cabedelo,BR,-6.9811,-34.8339,75.87,70,14,9.15,few clouds
446,San Quintin,MX,30.4833,-115.95,54.57,80,0,1.34,clear sky
447,Bandarbeyla,SO,9.4942,50.8122,75.92,73,69,17.2,broken clouds
448,Khani,GE,41.9563,42.9566,33.37,71,95,5.46,overcast clouds
449,Hokitika,NZ,-42.7167,170.9667,71.51,55,38,5.41,scattered clouds
450,Morondava,MG,-20.2833,44.2833,81.36,78,81,15.39,light rain
451,Nemuro,JP,43.3236,145.575,23.4,66,98,22.37,overcast clouds
452,Misratah,LY,32.3754,15.0925,52.3,49,1,11.41,clear sky
453,Ivanava,BY,52.1451,25.5365,26.44,90,82,6.93,broken clouds
454,Porto Nacional,BR,-10.7081,-48.4172,73.4,94,100,1.39,overcast clouds
455,Taltal,CL,-25.4,-70.4833,66.74,82,63,1.01,broken clouds
456,Qianan,CN,44.9932,124.0581,11.79,65,23,11.68,few clouds
457,Puerto Escondido,MX,15.85,-97.0667,77.83,78,0,2.3,clear sky
458,Urucara,BR,-2.5364,-57.76,72.91,98,100,2.66,overcast clouds
459,Sillamae,EE,59.3997,27.7547,32.11,88,82,14.76,broken clouds
460,Udomlya,RU,57.8794,34.9925,19.6,91,99,9.57,overcast clouds
461,Comodoro Rivadavia,AR,-45.8667,-67.5,73.26,43,0,16.11,clear sky
462,Lata,PT,40.1629,-8.3327,39.92,78,0,5.64,clear sky
463,Alekseyevka,RU,50.6309,38.6903,20.1,96,66,4.05,broken clouds
464,Novaya Ladoga,RU,60.1025,32.3019,27.95,91,100,14.41,overcast clouds
465,Najran,SA,17.4924,44.1277,50.65,82,15,1.41,few clouds
466,Daru,PG,-9.0763,143.2092,84.49,73,100,7.67,overcast clouds
467,Rantepao,ID,-2.9701,119.8978,79.5,69,98,2.71,overcast clouds
468,Promyshlennaya,RU,54.9159,85.6385,11.35,89,64,14.12,broken clouds
469,Coxim,BR,-18.5067,-54.76,72.75,93,23,2.35,light rain
470,Tupiza,BO,-21.45,-65.7167,57.29,71,89,4.81,overcast clouds
471,Seymchan,RU,62.8833,152.4333,-27.44,97,37,1.36,scattered clouds
472,Atherton,GB,53.5237,-2.4935,43.29,96,100,6.91,overcast clouds
473,Mnogovershinnyy,RU,53.9353,139.9242,-4.45,69,18,5.37,few clouds
474,Hobyo,SO,5.3505,48.5268,76.82,68,73,21.25,broken clouds
475,Felipe Carrillo Puerto,MX,19.5833,-88.05,69.28,97,10,2.84,clear sky
476,Kundiawa,PG,-6.0167,144.9667,78.57,57,89,1.05,overcast clouds
477,Evensk,RU,61.95,159.2333,19.83,81,100,19.24,overcast clouds
478,Ouro Fino,BR,-22.2831,-46.3692,65.62,99,100,4.12,overcast clouds
479,Campoverde,PE,-8.4753,-74.8058,79.88,63,100,1.28,overcast clouds
480,Talaya,RU,61.3833,152.75,-24.83,97,96,2.84,overcast clouds
481,Dingle,PH,10.9995,122.6711,80.74,79,100,16.58,overcast clouds
482,Muravlenko,RU,63.7898,74.523,1.69,96,100,8.95,overcast clouds
483,Komsomolskiy,UZ,40.4272,71.7189,32.72,59,100,2.3,mist
484,Erzin,TR,36.9559,36.2,48.06,83,75,4.79,broken clouds
485,Wagar,SD,16.1525,36.2032,67.41,86,2,6.53,clear sky
486,Wilmington,US,34.2257,-77.9447,46.85,83,0,1.01,clear sky
487,Xining,CN,36.6167,101.7667,29.44,21,0,0.94,clear sky
488,Xingyi,CN,24.1877,102.817,47.53,53,97,3.06,overcast clouds
489,Bagli,IN,22.65,76.35,71.51,43,0,8.75,clear sky
490,Urusha,RU,54.05,122.9,-3.66,86,87,2.04,overcast clouds
491,Avera,US,33.194,-82.5271,39.9,60,88,4.72,overcast clouds
492,Kalmunai,LK,7.4167,81.8167,76.17,81,96,10.98,overcast clouds
493,Khasan,RU,42.4308,130.6434,13.89,75,100,5.86,overcast clouds
494,Nara,JP,34.6851,135.8049,43.92,35,19,12.5,few clouds
495,Tabory,RU,58.5198,64.5495,7.29,94,59,7.11,broken clouds
496,Fort Nelson,CA,58.8053,-122.7002,-13.41,77,0,0.0,clear sky
497,Aykhal,RU,66.0,111.5,-27.09,100,95,4.72,overcast clouds
498,Superior,US,46.7208,-92.1041,-0.51,64,0,9.22,clear sky
499,Breves,BR,-1.6822,-50.4803,72.68,95,100,3.69,overcast clouds
500,Nizwa,OM,22.9333,57.5333,58.33,66,0,3.51,clear sky
501,Ochakiv,UA,46.6128,31.5498,30.7,95,100,21.25,light snow
502,Chengde,CN,40.9725,117.9361,29.7,45,1,12.41,clear sky
503,Arivonimamo,MG,-19.0167,47.1833,62.65,91,95,8.25,overcast clouds
504,Orlik,RU,52.5178,99.825,9.79,76,43,2.84,scattered clouds
505,Saquena,PE,-4.6667,-73.5167,72.97,97,97,2.57,overcast clouds
506,Sinjai,ID,-5.1241,120.253,87.26,66,71,4.74,light rain
507,Kralendijk,BQ,12.15,-68.2667,76.98,73,25,17.27,scattered clouds
508,Raduzhnyy,RU,62.0961,77.475,0.05,98,100,8.37,overcast clouds
509,Murray Bridge,AU,-35.1167,139.2667,67.33,84,100,11.88,overcast clouds
510,Palmer,US,42.1584,-72.3287,39.67,79,75,3.44,broken clouds
511,Marienburg,PL,54.0359,19.0266,37.04,87,100,10.0,overcast clouds
512,Sal Rei,CV,16.1833,-22.9167,69.67,67,13,19.8,few clouds
513,Jasper,US,37.2001,-94.3502,50.23,80,20,6.91,few clouds
514,Gerede,TR,40.8008,32.1969,26.51,96,98,4.05,overcast clouds
515,Bahia Blanca,AR,-38.7196,-62.2724,78.3,40,0,3.0,clear sky
516,Boyolangu,ID,-8.1181,111.8935,78.49,84,100,3.13,overcast clouds
517,Ryuo,JP,35.65,138.5,47.17,30,1,1.99,clear sky
518,Dunedin,NZ,-45.8742,170.5036,68.81,75,0,5.01,clear sky
519,Mount Darwin,ZW,-16.7725,31.5838,65.66,92,85,2.95,overcast clouds
520,Peniche,PT,39.3558,-9.3811,43.45,81,0,10.07,clear sky
521,Sur,OM,22.5667,59.5289,68.83,58,10,18.68,clear sky
522,Campos Belos,BR,-13.0367,-46.7717,68.02,88,99,2.04,overcast clouds
523,Oyem,GA,1.5995,11.5793,65.93,96,37,2.75,scattered clouds
524,Ponta Delgada,PT,37.7333,-25.6667,54.32,87,75,10.36,light intensity shower rain
525,Ust-Kalmanka,RU,52.1207,83.305,18.84,66,94,15.73,overcast clouds
526,Bocas Del Toro,PA,9.3333,-82.25,74.66,77,100,6.91,light rain
527,Lang Suan,TH,9.9456,99.0785,81.95,63,100,16.08,overcast clouds
528,Yanam,IN,16.7333,82.2167,81.32,60,30,8.43,scattered clouds
529,Mangai,CD,-4.05,19.5333,68.63,99,96,1.59,light rain
530,Parana,AR,-31.732,-60.5238,79.57,70,73,11.25,broken clouds
531,Sosua,DO,19.7667,-70.5167,68.23,81,61,11.21,light rain
532,Kazachinskoye,RU,57.6953,93.2761,18.39,87,100,11.72,overcast clouds
533,Ust-Charyshskaya Pristan,RU,52.3934,83.6635,15.58,73,99,12.97,overcast clouds
534,Oriximina,BR,-1.7656,-55.8661,73.15,96,99,2.57,overcast clouds
535,Kualakapuas,ID,-3.0091,114.3876,83.14,74,100,1.79,overcast clouds
536,Kot Samaba,PK,28.5522,70.4684,61.03,17,99,7.36,overcast clouds
537,Puerto Leguizamo,CO,-0.1934,-74.7819,71.33,65,5,2.19,clear sky
538,Pedernales,DO,18.0384,-71.744,74.59,68,5,2.8,clear sky
539,Calbuco,CL,-41.768,-73.1273,60.01,92,0,9.66,clear sky
540,Ca Mau,VN,9.1769,105.15,78.78,53,100,5.68,overcast clouds
541,Baykit,RU,61.67,96.37,5.0,97,100,2.3,light snow
542,Klyuchi,RU,52.2667,79.1667,7.23,88,18,11.81,few clouds
543,Khlevnoye,RU,52.1951,39.0932,15.82,96,17,3.4,few clouds
544,Fuerte Olimpo,PY,-21.0415,-57.8738,78.08,76,60,6.11,broken clouds
545,Codo,BR,-4.4553,-43.8856,72.79,93,37,3.09,scattered clouds
546,San Jeronimo,PE,-11.9472,-75.2829,52.52,83,100,3.65,overcast clouds
547,Flinders,AU,-34.5833,150.8552,75.65,82,100,2.24,light rain
548,Okhotsk,RU,59.3833,143.3,-10.93,82,68,12.75,broken clouds
549,Koutsouras,GR,35.0339,25.9469,53.11,76,8,4.05,clear sky
550,Hirara,JP,24.8,125.2833,59.27,63,75,18.41,broken clouds
551,Mandalgovi,MN,45.7625,106.2708,17.19,48,0,7.27,clear sky
552,Saint George,US,37.1041,-113.5841,41.95,58,0,1.01,clear sky
553,Kjollefjord,NO,70.9457,27.3465,33.85,86,100,17.27,light snow
554,Wanning,CN,18.8003,110.3967,65.34,49,4,14.32,clear sky
555,Macusani,PE,-14.0833,-70.4333,38.62,93,100,4.43,overcast clouds
556,Nouakchott,MR,18.0858,-15.9785,57.13,49,67,13.47,broken clouds
557,Ginir,ET,7.1333,40.7,55.51,60,1,1.86,clear sky
558,Bitung,ID,1.4451,125.1824,86.85,76,96,10.56,overcast clouds
559,Saint-Augustin,CA,51.226,-58.6502,19.58,93,100,5.59,light snow
560,Ullal,IN,12.8,74.85,79.75,73,43,4.61,haze
561,Mayo,US,38.8876,-76.5119,46.51,76,0,6.91,clear sky
562,Burley,US,42.5357,-113.7928,29.3,100,100,4.61,light snow
563,Asau,RO,46.4333,26.4,29.32,93,94,4.38,overcast clouds
564,Tulun,RU,54.5611,100.5792,23.07,92,100,6.89,overcast clouds
565,Bonavista,CA,48.6499,-53.1147,28.71,75,65,10.87,broken clouds
566,Tiznit,MA,29.5833,-9.5,45.37,64,0,3.47,clear sky
567,Todos Santos,MX,23.45,-110.2167,65.44,79,6,3.67,clear sky
568,Ridgecrest,US,35.6225,-117.6709,48.65,43,0,11.5,clear sky
569,Shebekino,RU,50.4097,36.9136,24.22,91,84,5.7,broken clouds
570,Biltine,TD,14.5333,20.9167,74.68,12,99,7.87,overcast clouds
571,Zhetysay,KZ,40.7333,68.3,22.95,79,100,0.45,overcast clouds
572,Barcelos,PT,41.5388,-8.6151,42.69,82,0,5.66,clear sky
573,Shelburne,CA,44.0787,-80.2041,23.23,92,100,1.59,snow
574,Yekimovichi,RU,54.1129,33.2965,26.2,85,100,4.54,overcast clouds
575,Brae,GB,60.3964,-1.353,46.63,93,100,34.29,light rain
576,Svetlogorsk,BY,52.6333,29.7333,22.8,96,42,3.76,scattered clouds
577,Zhuanghe,CN,39.7008,122.9911,32.32,42,6,10.36,clear sky
578,Iskateley,RU,67.6803,53.1512,22.17,95,100,12.35,light snow
579,Waynesville,US,35.4887,-82.9887,39.72,60,100,4.0,overcast clouds
580,Soe,ID,-9.8607,124.284,78.08,73,91,3.76,overcast clouds
581,Puquio,PE,-14.7,-74.1333,50.59,90,100,2.28,light rain
582,Malanje,AO,-9.5402,16.341,62.51,98,100,3.22,light rain
583,High Prairie,CA,55.4334,-116.4858,-1.66,91,43,11.03,scattered clouds
584,Cantagallo,CO,7.376,-73.9196,74.08,76,7,1.95,clear sky
585,Iquique,CL,-20.2208,-70.1431,71.64,81,100,1.72,overcast clouds
586,Narsaq,GL,60.9167,-46.05,14.22,82,7,8.21,clear sky
587,Chincha Alta,PE,-13.4099,-76.1323,72.19,82,99,3.53,overcast clouds
588,Awash,ET,8.9833,40.1667,66.79,86,45,1.07,scattered clouds
589,Saint-Ambroise,CA,48.5501,-71.3324,1.94,86,38,6.24,scattered clouds
590,Turbat,PK,26.0023,63.044,56.7,50,1,12.84,clear sky
591,Shubarshi,KZ,48.5872,57.1869,8.11,97,86,3.4,overcast clouds
592,Quthing,LS,-30.4,27.7003,59.04,80,15,7.0,few clouds
593,Dunkwa,GH,5.9656,-1.78,73.96,91,97,1.77,overcast clouds
594,Fatezh,RU,52.0891,35.8632,26.98,75,33,4.07,scattered clouds
595,Ciudad Bolivar,VE,8.1222,-63.5497,76.53,63,44,12.8,scattered clouds
596,Akcakoca,TR,41.0866,31.1162,40.64,91,100,9.78,overcast clouds
597,Kirakira,SB,-10.4544,161.9205,77.27,93,100,3.58,overcast clouds
598,Bantry,IE,51.6833,-9.45,43.79,87,70,5.53,broken clouds
599,Ebolowa,CM,2.9,11.15,68.22,97,55,1.95,broken clouds
600,Pinega,RU,64.7001,43.3936,20.86,90,100,12.21,overcast clouds
601,Buchanan,LR,5.8808,-10.0467,76.08,91,68,3.98,light rain
602,Ewa Beach,US,21.3156,-158.0072,73.35,76,0,11.5,shower rain
603,Alcaniz,ES,41.05,-0.1333,30.79,80,8,9.78,clear sky
604,Zyryanskoye,RU,56.8306,86.6258,13.8,93,100,14.97,light snow
605,Poronaysk,RU,49.2167,143.1167,11.37,72,100,6.6,overcast clouds
606,Ndola,ZM,-12.9587,28.6366,63.03,94,100,2.19,overcast clouds
607,Portland,US,45.5234,-122.6762,40.95,84,100,14.97,overcast clouds
608,Sao Borja,BR,-28.6606,-56.0044,78.84,55,67,6.33,broken clouds
609,Bodden Town,KY,19.2833,-81.25,78.93,83,20,8.05,few clouds
610,Beryslav,UA,46.8415,33.4284,32.25,97,100,11.3,light snow
611,Harper,LR,4.375,-7.7169,77.49,86,27,3.11,scattered clouds
612,Touros,BR,-5.1989,-35.4608,78.03,73,16,12.28,few clouds
613,Honningsvag,NO,70.9821,25.9704,33.55,93,100,19.57,light snow
614,Zaozerne,UA,45.1582,33.2787,43.72,86,100,17.81,overcast clouds
615,Champerico,GT,14.3,-91.9167,77.56,72,45,6.42,scattered clouds
616,Lodwar,KE,3.1191,35.5973,81.73,34,1,4.05,clear sky
617,Svetlyy,RU,54.675,20.1347,33.96,91,100,17.47,overcast clouds
618,Coracora,PE,-15.0333,-73.7833,48.96,83,100,3.74,overcast clouds
619,Conde,BR,-7.2597,-34.9075,74.66,83,20,2.3,few clouds
620,Paracuru,BR,-3.41,-39.0306,81.1,82,93,10.58,overcast clouds
621,Millinocket,US,45.6573,-68.7098,30.31,59,100,3.44,overcast clouds
622,Primorsk,UA,46.7348,36.3443,35.11,96,89,5.68,overcast clouds
623,Gourdon,FR,44.75,1.5,26.38,93,10,3.02,clear sky
624,Campbell River,CA,50.0163,-125.2446,36.93,43,0,8.05,clear sky
625,Sosnovo-Ozerskoye,RU,52.5249,111.5418,10.11,80,78,12.15,broken clouds
626,Chilca,PE,-12.5211,-76.7372,71.26,85,100,5.97,overcast clouds
627,Isiro,CD,2.7739,27.616,67.03,66,90,2.42,overcast clouds
628,Ketchikan,US,55.3422,-131.6461,37.38,86,0,0.0,clear sky
629,Ribas Do Rio Pardo,BR,-20.4431,-53.7592,72.0,91,11,5.21,few clouds
630,Sterling,US,39.0062,-77.4286,46.27,67,0,5.99,clear sky
631,North Charleston,US,32.8886,-80.0075,44.91,79,20,3.44,few clouds
632,Tsagan Aman,RU,47.5639,46.7218,26.37,82,100,7.92,overcast clouds
633,Novobirilyussy,RU,56.9514,90.6661,15.28,92,100,12.82,light snow
634,Batagay,RU,67.6333,134.6333,-47.24,97,83,1.66,broken clouds
635,Vestmannaeyjar,IS,63.4427,-20.2734,39.63,66,99,30.06,overcast clouds
636,Uaua,BR,-9.8414,-39.4817,69.42,76,5,12.48,clear sky
637,Vung Tau,VN,10.346,107.0843,78.73,62,100,0.51,overcast clouds
638,San Patricio,US,28.017,-97.5169,69.67,88,100,14.56,overcast clouds
639,Yeniseysk,RU,58.4497,92.1703,17.73,93,100,10.31,light snow
640,Gazojak,TM,41.1875,61.4036,31.73,48,100,10.69,overcast clouds
641,Cestas,FR,44.7435,-0.6791,37.33,75,100,11.5,overcast clouds
642,Dostpur,IN,26.2833,82.4667,67.57,41,0,3.15,clear sky
643,Morbegno,IT,46.1383,9.57,35.73,71,4,3.89,clear sky
644,Port Moresby,PG,-9.4431,147.1797,83.89,74,96,6.91,overcast clouds
645,Poyarkovo,RU,49.6,128.6833,-12.23,89,90,3.02,overcast clouds
646,San Luis,AR,-33.295,-66.3356,70.63,70,16,7.47,few clouds
647,Salobrena,ES,36.7428,-3.5872,46.47,49,10,5.1,clear sky
648,Florianopolis,BR,-27.6146,-48.5012,78.03,84,100,9.22,overcast clouds
649,Mitsamiouli,KM,-11.3847,43.2844,81.28,80,17,8.08,few clouds
650,Huangmei,CN,30.1924,116.025,52.05,20,0,6.15,clear sky
651,Emba,KZ,48.8264,58.1442,6.62,99,99,2.95,overcast clouds
652,Outjo,NA,-20.1167,16.15,65.3,73,58,9.42,broken clouds
653,Salamanca,ES,40.8333,-6.0,31.62,90,7,11.16,clear sky
654,Williston,US,48.147,-103.618,-5.06,73,32,3.0,scattered clouds
655,Upata,VE,8.0086,-62.3989,69.19,89,26,3.67,scattered clouds
656,Mahibadhoo,MV,3.7833,72.9667,80.08,76,20,7.7,few clouds
657,Kozhva,RU,65.1073,57.0459,20.97,93,100,10.47,light snow
658,Vinh,VN,18.6667,105.6667,63.0,55,19,9.66,few clouds
659,Kautokeino,NO,69.0125,23.0412,13.48,91,89,7.74,overcast clouds
660,Alice Springs,AU,-23.7,133.8833,89.15,40,75,9.22,broken clouds
661,Raudeberg,NO,61.9875,5.1352,41.67,1,100,35.93,light rain
662,Rodrigues Alves,BR,-7.738,-72.6509,77.2,95,72,2.68,broken clouds
663,Kumluca,TR,36.3703,30.2869,52.66,61,31,5.26,scattered clouds
664,Iwakuni,JP,34.15,132.1833,44.08,39,75,17.27,broken clouds
665,Lichuan,CN,30.3,108.85,46.53,39,0,4.16,clear sky
666,Sovetskiy,RU,61.3614,63.5842,17.51,93,92,9.95,overcast clouds
667,Anadyr,RU,64.75,177.4833,28.9,80,0,15.66,clear sky
668,Hervey Bay,AU,-25.2986,152.8535,82.69,62,0,11.27,clear sky
669,Bambanglipuro,ID,-7.95,110.2833,80.4,82,100,4.7,overcast clouds
670,Arkhangelsk,RU,64.5401,40.5433,24.91,79,100,8.95,overcast clouds
671,Kattivakkam,IN,13.2167,80.3167,84.29,60,86,13.71,overcast clouds
672,Haines Junction,CA,60.7522,-137.5108,2.07,100,83,1.05,broken clouds
673,Ankazobe,MG,-18.3167,47.1167,67.73,88,64,6.22,broken clouds
674,Amazar,RU,53.858,120.875,4.37,79,61,3.29,broken clouds
675,Jishou,CN,28.3167,109.7167,58.84,32,2,0.65,clear sky
676,Yar-Sale,RU,66.8333,70.8333,-15.59,100,57,8.3,broken clouds
677,Abong Mbang,CM,3.9833,13.1833,65.05,96,64,2.44,broken clouds
678,Panguna,PG,-6.3164,155.4848,76.55,82,99,1.97,moderate rain
679,San Juan,AR,-31.5375,-68.5364,81.9,43,53,4.72,broken clouds
680,Hay River,CA,60.8156,-115.7999,-13.02,77,20,8.05,few clouds
681,Matagami,CA,49.7502,-77.6328,-23.69,76,0,0.0,clear sky
682,Katobu,ID,-4.9408,122.5276,85.19,68,90,3.51,overcast clouds
683,Multan,PK,30.1956,71.4753,53.49,58,75,0.0,smoke
684,Les Escoumins,CA,48.1111,-69.0236,13.35,79,6,12.84,clear sky
685,Sainte-Anne-Des-Monts,CA,49.124,-66.4924,19.27,63,89,35.68,overcast clouds
686,Narbonne,FR,43.0833,2.8333,37.33,73,49,17.47,scattered clouds
687,Ulladulla,AU,-35.35,150.4667,72.84,87,100,6.13,light rain
688,Lahat,ID,-3.8,103.5333,80.64,80,100,6.78,overcast clouds
689,Lethem,GY,3.3803,-59.7968,75.18,56,33,12.95,scattered clouds
690,Myitkyina,MM,25.3833,97.4,83.21,30,3,1.54,clear sky
691,Bardiyah,LY,31.7561,25.0865,55.26,62,53,1.97,broken clouds
692,Bida,NG,9.0833,6.0167,79.5,58,88,2.82,overcast clouds
693,Palizada,MX,18.25,-92.0833,71.71,85,62,6.69,broken clouds
694,Laguna,US,38.421,-121.4238,51.76,75,0,3.44,clear sky
695,Houston,US,29.7633,-95.3633,70.38,85,100,18.41,overcast clouds
696,Stornoway,GB,58.2093,-6.3865,48.16,92,100,18.41,overcast clouds
697,Zyryanka,RU,65.75,150.85,-33.56,99,36,4.5,scattered clouds
698,Wollongong,AU,-34.4333,150.8833,79.09,84,100,3.36,light rain
